"","F074.IPC.VAR.Z.Z.C.M","F074.IPCSAE.VAR.Z.Z.C.M"
"englishTitle","Historical Headline CPI, monthly variation","Historical IPCSAE, monthly variation"
"frequency","MONTHLY","MONTHLY"
"observed","AVERAGED","AVERAGED"
"01-03-1928"," 0",NA
"01-04-1928"," 2",NA
"01-05-1928","3.9",NA
"01-06-1928","1.9",NA
"01-07-1928"," 0",NA
"01-08-1928"," 0",NA
"01-09-1928","7.4",NA
"01-10-1928","-5.2",NA
"01-11-1928"," 0",NA
"01-12-1928","-1.8",NA
"01-01-1929","-3.7",NA
"01-02-1929"," 0",NA
"01-03-1929"," 0",NA
"01-04-1929"," 0",NA
"01-05-1929","1.9",NA
"01-06-1929","3.8",NA
"01-07-1929"," 0",NA
"01-08-1929","1.8",NA
"01-09-1929","3.6",NA
"01-10-1929","-3.4",NA
"01-11-1929","1.8",NA
"01-12-1929","1.7",NA
"01-01-1930","-8.6",NA
"01-02-1930","-1.9",NA
"01-03-1930"," 0",NA
"01-04-1930","1.9",NA
"01-05-1930","1.9",NA
"01-06-1930","1.8",NA
"01-07-1930"," 0",NA
"01-08-1930"," 0",NA
"01-09-1930"," 0",NA
"01-10-1930","1.8",NA
"01-11-1930"," 0",NA
"01-12-1930","-1.8",NA
"01-01-1931","-3.6",NA
"01-02-1931","-3.8",NA
"01-03-1931"," 2",NA
"01-04-1931","-1.9",NA
"01-05-1931","3.9",NA
"01-06-1931","1.9",NA
"01-07-1931","1.8",NA
"01-08-1931"," 0",NA
"01-09-1931"," 0",NA
"01-10-1931","-1.8",NA
"01-11-1931"," 0",NA
"01-12-1931","1.8",NA
"01-01-1932","-10.9",NA
"01-02-1932"," 0",NA
"01-03-1932","4.1",NA
"01-04-1932"," 2",NA
"01-05-1932","3.8",NA
"01-06-1932","1.8",NA
"01-07-1932"," 0",NA
"01-08-1932","5.5",NA
"01-09-1932","12.1",NA
"01-10-1932","1.5",NA
"01-11-1932","1.5",NA
"01-12-1932","1.5",NA
"01-01-1933"," 0",NA
"01-02-1933"," 0",NA
"01-03-1933"," 0",NA
"01-04-1933","1.5",NA
"01-05-1933","2.9",NA
"01-06-1933","1.4",NA
"01-07-1933"," 0",NA
"01-08-1933","1.4",NA
"01-09-1933","1.4",NA
"01-10-1933","-1.4",NA
"01-11-1933","-2.7",NA
"01-12-1933"," 0",NA
"01-01-1934","-2.8",NA
"01-02-1934","-1.5",NA
"01-03-1934","1.5",NA
"01-04-1934","1.4",NA
"01-05-1934","1.4",NA
"01-06-1934"," 0",NA
"01-07-1934","1.4",NA
"01-08-1934","-1.4",NA
"01-09-1934","2.8",NA
"01-10-1934","-2.7",NA
"01-11-1934","2.8",NA
"01-12-1934","1.4",NA
"01-01-1935"," 0",NA
"01-02-1935","-4.1",NA
"01-03-1935"," 0",NA
"01-04-1935","1.4",NA
"01-05-1935"," 0",NA
"01-06-1935"," 0",NA
"01-07-1935","1.4",NA
"01-08-1935","-1.4",NA
"01-09-1935","1.4",NA
"01-10-1935"," 0",NA
"01-11-1935"," 0",NA
"01-12-1935"," 0",NA
"01-01-1936"," 0",NA
"01-02-1936","1.4",NA
"01-03-1936","1.3",NA
"01-04-1936","1.3",NA
"01-05-1936","2.6",NA
"01-06-1936","1.3",NA
"01-07-1936","1.3",NA
"01-08-1936"," 0",NA
"01-09-1936","1.2",NA
"01-10-1936","2.5",NA
"01-11-1936","-1.2",NA
"01-12-1936"," 0",NA
"01-01-1937"," 0",NA
"01-02-1937","-2.4",NA
"01-03-1937","3.7",NA
"01-04-1937","3.6",NA
"01-05-1937","2.3",NA
"01-06-1937","2.3",NA
"01-07-1937","1.1",NA
"01-08-1937","1.1",NA
"01-09-1937","1.1",NA
"01-10-1937"," 0",NA
"01-11-1937"," 0",NA
"01-12-1937","-3.2",NA
"01-01-1938","-1.1",NA
"01-02-1938"," 0",NA
"01-03-1938","1.1",NA
"01-04-1938","2.2",NA
"01-05-1938","2.2",NA
"01-06-1938"," 0",NA
"01-07-1938"," 0",NA
"01-08-1938","-1.1",NA
"01-09-1938","1.1",NA
"01-10-1938"," 0",NA
"01-11-1938"," 0",NA
"01-12-1938","-2.1",NA
"01-01-1939","-2.2",NA
"01-02-1939","-2.2",NA
"01-03-1939","2.3",NA
"01-04-1939","3.3",NA
"01-05-1939","1.1",NA
"01-06-1939"," 0",NA
"01-07-1939","-1.1",NA
"01-08-1939"," 0",NA
"01-09-1939","1.1",NA
"01-10-1939","3.2",NA
"01-11-1939","2.1",NA
"01-12-1939"," 0",NA
"01-01-1940","-3",NA
"01-02-1940","2.1",NA
"01-03-1940"," 1",NA
"01-04-1940"," 3",NA
"01-05-1940"," 1",NA
"01-06-1940","3.9",NA
"01-07-1940","-0.9",NA
"01-08-1940","1.9",NA
"01-09-1940","4.6",NA
"01-10-1940","0.9",NA
"01-11-1940","-1.8",NA
"01-12-1940","-3.6",NA
"01-01-1941"," 0",NA
"01-02-1941","1.8",NA
"01-03-1941","2.7",NA
"01-04-1941","1.8",NA
"01-05-1941","3.5",NA
"01-06-1941","1.7",NA
"01-07-1941","0.8",NA
"01-08-1941","1.6",NA
"01-09-1941","4.8",NA
"01-10-1941","1.5",NA
"01-11-1941","-0.8",NA
"01-12-1941","1.5",NA
"01-01-1942","0.8",NA
"01-02-1942","2.2",NA
"01-03-1942","4.3",NA
"01-04-1942","4.2",NA
"01-05-1942"," 2",NA
"01-06-1942","-0.7",NA
"01-07-1942","0.7",NA
"01-08-1942","3.3",NA
"01-09-1942","1.9",NA
"01-10-1942","3.5",NA
"01-11-1942"," 0",NA
"01-12-1942","0.8",NA
"01-01-1943","-1.7",NA
"01-02-1943","1.8",NA
"01-03-1943","1.2",NA
"01-04-1943","4.2",NA
"01-05-1943","2.3",NA
"01-06-1943","1.7",NA
"01-07-1943","-1.1",NA
"01-08-1943"," 0",NA
"01-09-1943","1.1",NA
"01-10-1943","0.5",NA
"01-11-1943","-0.5",NA
"01-12-1943","-1.6",NA
"01-01-1944","1.7",NA
"01-02-1944","-1.1",NA
"01-03-1944","1.7",NA
"01-04-1944","3.8",NA
"01-05-1944","2.6",NA
"01-06-1944","-1",NA
"01-07-1944","0.5",NA
"01-08-1944","2.6",NA
"01-09-1944"," 5",NA
"01-10-1944","4.2",NA
"01-11-1944"," 0",NA
"01-12-1944","-5.5",NA
"01-01-1945","-0.5",NA
"01-02-1945","0.5",NA
"01-03-1945"," 1",NA
"01-04-1945"," 1",NA
"01-05-1945","0.5",NA
"01-06-1945","0.9",NA
"01-07-1945"," 0",NA
"01-08-1945","0.9",NA
"01-09-1945","4.1",NA
"01-10-1945","3.1",NA
"01-11-1945","-5.2",NA
"01-12-1945","1.4",NA
"01-01-1946","1.4",NA
"01-02-1946","-0.9",NA
"01-03-1946","0.9",NA
"01-04-1946","2.2",NA
"01-05-1946","2.2",NA
"01-06-1946","3.4",NA
"01-07-1946","1.6",NA
"01-08-1946","3.2",NA
"01-09-1946","4.7",NA
"01-10-1946"," 3",NA
"01-11-1946","0.7",NA
"01-12-1946","4.3",NA
"01-01-1947","5.2",NA
"01-02-1947","-0.7",NA
"01-03-1947","4.6",NA
"01-04-1947","1.9",NA
"01-05-1947","2.8",NA
"01-06-1947","0.3",NA
"01-07-1947","1.8",NA
"01-08-1947","2.3",NA
"01-09-1947","1.2",NA
"01-10-1947","-0.6",NA
"01-11-1947"," 2",NA
"01-12-1947","0.3",NA
"01-01-1948","0.8",NA
"01-02-1948","2.2",NA
"01-03-1948","2.2",NA
"01-04-1948","1.6",NA
"01-05-1948","0.3",NA
"01-06-1948","0.8",NA
"01-07-1948","2.6",NA
"01-08-1948","2.8",NA
"01-09-1948","3.2",NA
"01-10-1948"," 0",NA
"01-11-1948","-0.7",NA
"01-12-1948"," 0",NA
"01-01-1949","2.4",NA
"01-02-1949","0.7",NA
"01-03-1949","1.4",NA
"01-04-1949","4.8",NA
"01-05-1949","1.1",NA
"01-06-1949","1.3",NA
"01-07-1949","0.2",NA
"01-08-1949","2.1",NA
"01-09-1949","0.4",NA
"01-10-1949","3.9",NA
"01-11-1949"," 1",NA
"01-12-1949","-0.4",NA
"01-01-1950"," 0",NA
"01-02-1950","-1.2",NA
"01-03-1950","1.8",NA
"01-04-1950","1.2",NA
"01-05-1950","1.2",NA
"01-06-1950","1.7",NA
"01-07-1950","1.9",NA
"01-08-1950","1.3",NA
"01-09-1950","0.5",NA
"01-10-1950","10.2",NA
"01-11-1950","-2.1",NA
"01-12-1950","-0.7",NA
"01-01-1951","-0.2",NA
"01-02-1951","2.2",NA
"01-03-1951","0.8",NA
"01-04-1951","0.7",NA
"01-05-1951","2.5",NA
"01-06-1951","2.1",NA
"01-07-1951","3.1",NA
"01-08-1951","5.2",NA
"01-09-1951","6.1",NA
"01-10-1951","1.6",NA
"01-11-1951","-3.2",NA
"01-12-1951","0.6",NA
"01-01-1952","0.3",NA
"01-02-1952","0.7",NA
"01-03-1952","1.9",NA
"01-04-1952","2.3",NA
"01-05-1952","5.5",NA
"01-06-1952","0.8",NA
"01-07-1952","2.7",NA
"01-08-1952","1.1",NA
"01-09-1952","3.5",NA
"01-10-1952","0.7",NA
"01-11-1952","-1",NA
"01-12-1952","-6.5",NA
"01-01-1953","4.5",NA
"01-02-1953","0.8",NA
"01-03-1953","0.4",NA
"01-04-1953","1.3",NA
"01-05-1953","2.2",NA
"01-06-1953","3.3",NA
"01-07-1953","7.2",NA
"01-08-1953","6.5",NA
"01-09-1953","9.1",NA
"01-10-1953","5.5",NA
"01-11-1953","4.2",NA
"01-12-1953","0.9",NA
"01-01-1954","4.6",NA
"01-02-1954","1.5",NA
"01-03-1954","7.4",NA
"01-04-1954","7.6",NA
"01-05-1954","3.3",NA
"01-06-1954","4.2",NA
"01-07-1954","4.7",NA
"01-08-1954","8.5",NA
"01-09-1954","3.2",NA
"01-10-1954","4.4",NA
"01-11-1954","3.6",NA
"01-12-1954","2.3",NA
"01-01-1955","3.4",NA
"01-02-1955","4.5",NA
"01-03-1955","6.4",NA
"01-04-1955","8.9",NA
"01-05-1955","4.7",NA
"01-06-1955","4.6",NA
"01-07-1955","2.2",NA
"01-08-1955","3.9",NA
"01-09-1955","7.7",NA
"01-10-1955"," 6",NA
"01-11-1955","6.1",NA
"01-12-1955","4.2",NA
"01-01-1956","3.6",NA
"01-02-1956"," 1",NA
"01-03-1956","1.3",NA
"01-04-1956","2.3",NA
"01-05-1956","2.1",NA
"01-06-1956","2.7",NA
"01-07-1956","2.6",NA
"01-08-1956","5.2",NA
"01-09-1956","7.2",NA
"01-10-1956","5.2",NA
"01-11-1956","-0.3",NA
"01-12-1956","-0.3",NA
"01-01-1957","-0.4",NA
"01-02-1957","0.4",NA
"01-03-1957","2.6",NA
"01-04-1957"," 5",NA
"01-05-1957","2.2",NA
"01-06-1957","3.7",NA
"01-07-1957","4.6",NA
"01-08-1957","2.6",NA
"01-09-1957","12.2",NA
"01-10-1957","-6.5",NA
"01-11-1957","-6.5",NA
"01-12-1957","-2.4",NA
"01-01-1958","3.1",NA
"01-02-1958","3.3",NA
"01-03-1958","2.8",NA
"01-04-1958","2.9",NA
"01-05-1958","2.6",NA
"01-06-1958","1.3",NA
"01-07-1958","1.2",NA
"01-08-1958","2.5",NA
"01-09-1958","2.3",NA
"01-10-1958","2.3",NA
"01-11-1958","2.6",NA
"01-12-1958","1.7",NA
"01-01-1959","3.2",NA
"01-02-1959","4.6",NA
"01-03-1959","4.7",NA
"01-04-1959","3.8",NA
"01-05-1959","3.2",NA
"01-06-1959","2.2",NA
"01-07-1959","4.2",NA
"01-08-1959","2.3",NA
"01-09-1959","1.4",NA
"01-10-1959","2.5",NA
"01-11-1959","-2.1",NA
"01-12-1959","-0.6",NA
"01-01-1960","1.3",NA
"01-02-1960","0.2",NA
"01-03-1960","0.5",NA
"01-04-1960","-0.9",NA
"01-05-1960","0.4",NA
"01-06-1960","-0.2",NA
"01-07-1960","2.4",NA
"01-08-1960","1.4",NA
"01-09-1960","1.1",NA
"01-10-1960","0.2",NA
"01-11-1960","-0.2",NA
"01-12-1960","-0.9",NA
"01-01-1961","1.8",NA
"01-02-1961","0.4",NA
"01-03-1961","0.7",NA
"01-04-1961","0.5",NA
"01-05-1961","0.7",NA
"01-06-1961","0.3",NA
"01-07-1961","1.3",NA
"01-08-1961","1.1",NA
"01-09-1961","1.3",NA
"01-10-1961","0.9",NA
"01-11-1961","-0.1",NA
"01-12-1961","0.2",NA
"01-01-1962","1.7",NA
"01-02-1962","0.9",NA
"01-03-1962","0.6",NA
"01-04-1962","0.1",NA
"01-05-1962","0.9",NA
"01-06-1962","1.4",NA
"01-07-1962","0.9",NA
"01-08-1962","1.4",NA
"01-09-1962","2.8",NA
"01-10-1962","6.4",NA
"01-11-1962","6.3",NA
"01-12-1962","1.6",NA
"01-01-1963","3.2",NA
"01-02-1963","5.8",NA
"01-03-1963","3.1",NA
"01-04-1963","2.5",NA
"01-05-1963","3.6",NA
"01-06-1963","1.6",NA
"01-07-1963","2.5",NA
"01-08-1963","2.9",NA
"01-09-1963","4.5",NA
"01-10-1963","1.4",NA
"01-11-1963","4.1",NA
"01-12-1963"," 3",NA
"01-01-1964","1.4",NA
"01-02-1964","9.8",NA
"01-03-1964","4.7",NA
"01-04-1964","2.8",NA
"01-05-1964"," 1",NA
"01-06-1964","2.2",NA
"01-07-1964","2.3",NA
"01-08-1964","2.5",NA
"01-09-1964","2.5",NA
"01-10-1964","3.4",NA
"01-11-1964","-1.1",NA
"01-12-1964","1.8",NA
"01-01-1965","1.2",NA
"01-02-1965","2.1",NA
"01-03-1965","3.6",NA
"01-04-1965","6.9",NA
"01-05-1965","1.8",NA
"01-06-1965","0.1",NA
"01-07-1965","0.6",NA
"01-08-1965","2.3",NA
"01-09-1965","0.9",NA
"01-10-1965","1.9",NA
"01-11-1965","1.7",NA
"01-12-1965","0.4",NA
"01-01-1966","2.6",NA
"01-02-1966","2.9",NA
"01-03-1966","2.3",NA
"01-04-1966","1.4",NA
"01-05-1966"," 1",NA
"01-06-1966"," 2",NA
"01-07-1966","2.2",NA
"01-08-1966","1.5",NA
"01-09-1966","3.5",NA
"01-10-1966","-0.3",NA
"01-11-1966","-1.4",NA
"01-12-1966","-1.7",NA
"01-01-1967","2.8",NA
"01-02-1967","2.7",NA
"01-03-1967","1.8",NA
"01-04-1967"," 2",NA
"01-05-1967","2.2",NA
"01-06-1967","2.3",NA
"01-07-1967","2.3",NA
"01-08-1967","0.1",NA
"01-09-1967","2.8",NA
"01-10-1967","0.8",NA
"01-11-1967","0.1",NA
"01-12-1967","0.1",NA
"01-01-1968","5.7",NA
"01-02-1968","2.7",NA
"01-03-1968","1.5",NA
"01-04-1968","2.5",NA
"01-05-1968","2.3",NA
"01-06-1968"," 3",NA
"01-07-1968","2.8",NA
"01-08-1968","1.2",NA
"01-09-1968","1.2",NA
"01-10-1968","1.4",NA
"01-11-1968","1.3",NA
"01-12-1968","-0.4",NA
"01-01-1969","4.9",NA
"01-02-1969","5.4",NA
"01-03-1969","3.1",NA
"01-04-1969","3.1",NA
"01-05-1969","2.6",NA
"01-06-1969","2.3",NA
"01-07-1969","1.2",NA
"01-08-1969","1.5",NA
"01-09-1969","0.5",NA
"01-10-1969","0.4",NA
"01-11-1969","0.8",NA
"01-12-1969","0.3",NA
"01-01-1970","6.8",NA
"01-02-1970","5.1",NA
"01-03-1970","3.5",NA
"01-04-1970","2.4",NA
"01-05-1970","2.1",NA
"01-06-1970"," 2",NA
"01-07-1970","1.9",NA
"01-08-1970","2.5",NA
"01-09-1970","2.7",NA
"01-10-1970","0.9",NA
"01-11-1970","0.6",NA
"01-12-1970"," 0",NA
"01-01-1971","1.4",NA
"01-02-1971","0.7",NA
"01-03-1971","1.2",NA
"01-04-1971","2.5",NA
"01-05-1971","2.8",NA
"01-06-1971"," 2",NA
"01-07-1971","0.3",NA
"01-08-1971","1.1",NA
"01-09-1971","1.1",NA
"01-10-1971","1.7",NA
"01-11-1971","2.7",NA
"01-12-1971","2.8",NA
"01-01-1972","3.7",NA
"01-02-1972","6.5",NA
"01-03-1972","2.7",NA
"01-04-1972","5.7",NA
"01-05-1972","4.3",NA
"01-06-1972","2.1",NA
"01-07-1972","4.5",NA
"01-08-1972","22.7",NA
"01-09-1972","22.2",NA
"01-10-1972","15.2",NA
"01-11-1972","5.6",NA
"01-12-1972","8.3",NA
"01-01-1973","10.3",NA
"01-02-1973","4.1",NA
"01-03-1973","6.2",NA
"01-04-1973","10.2",NA
"01-05-1973","19.4",NA
"01-06-1973","15.7",NA
"01-07-1973","15.3",NA
"01-08-1973","17.1",NA
"01-09-1973","16.9",NA
"01-10-1973","87.6",NA
"01-11-1973","5.7",NA
"01-12-1973","4.7",NA
"01-01-1974","14.1",NA
"01-02-1974","24.5",NA
"01-03-1974","14.2",NA
"01-04-1974","15.3",NA
"01-05-1974","8.7",NA
"01-06-1974","20.8",NA
"01-07-1974","11.5",NA
"01-08-1974","10.9",NA
"01-09-1974","12.8",NA
"01-10-1974","18.9",NA
"01-11-1974","9.7",NA
"01-12-1974","6.5",NA
"01-01-1975","13.9",NA
"01-02-1975","16.5",NA
"01-03-1975","21.2",NA
"01-04-1975","20.8",NA
"01-05-1975","16",NA
"01-06-1975","19.8",NA
"01-07-1975","9.3",NA
"01-08-1975","8.9",NA
"01-09-1975","9.2",NA
"01-10-1975","8.4",NA
"01-11-1975","8.2",NA
"01-12-1975","7.1",NA
"01-01-1976","10.5",NA
"01-02-1976","10.1",NA
"01-03-1976","13.5",NA
"01-04-1976","11.9",NA
"01-05-1976","9.8",NA
"01-06-1976","12.3",NA
"01-07-1976","8.9",NA
"01-08-1976","5.5",NA
"01-09-1976","7.6",NA
"01-10-1976","6.7",NA
"01-11-1976","3.8",NA
"01-12-1976","5.1",NA
"01-01-1977","5.9",NA
"01-02-1977","5.8",NA
"01-03-1977","6.1",NA
"01-04-1977","4.7",NA
"01-05-1977","3.8",NA
"01-06-1977","3.3",NA
"01-07-1977","3.9",NA
"01-08-1977","3.4",NA
"01-09-1977","3.7",NA
"01-10-1977","4.2",NA
"01-11-1977","2.2",NA
"01-12-1977","3.1",NA
"01-01-1978","1.8",NA
"01-02-1978","2.4",NA
"01-03-1978","2.9",NA
"01-04-1978","2.6",NA
"01-05-1978","2.1",NA
"01-06-1978"," 2",NA
"01-07-1978","2.5",NA
"01-08-1978","2.8",NA
"01-09-1978","2.9",NA
"01-10-1978","1.9",NA
"01-11-1978","1.3",NA
"01-12-1978","1.5",NA
"01-01-1979","2.2",NA
"01-02-1979","1.6",NA
"01-03-1979","2.8",NA
"01-04-1979","2.6",NA
"01-05-1979","2.5",NA
"01-06-1979","2.5",NA
"01-07-1979","3.6",NA
"01-08-1979","4.7",NA
"01-09-1979","3.9",NA
"01-10-1979","2.4",NA
"01-11-1979","2.1",NA
"01-12-1979","2.2",NA
"01-01-1980","2.1",NA
"01-02-1980","1.8",NA
"01-03-1980","2.9",NA
"01-04-1980","2.5",NA
"01-05-1980","2.3",NA
"01-06-1980","1.9",NA
"01-07-1980"," 2",NA
"01-08-1980","2.2",NA
"01-09-1980","2.1",NA
"01-10-1980","2.9",NA
"01-11-1980","2.6",NA
"01-12-1980","1.9",NA
"01-01-1981","1.6",NA
"01-02-1981","0.3",NA
"01-03-1981","0.8",NA
"01-04-1981","1.2",NA
"01-05-1981","1.3",NA
"01-06-1981","0.1",NA
"01-07-1981","0.6",NA
"01-08-1981","1.2",NA
"01-09-1981","0.9",NA
"01-10-1981","0.3",NA
"01-11-1981","0.2",NA
"01-12-1981","0.5",NA
"01-01-1982","0.7",NA
"01-02-1982","-0.8",NA
"01-03-1982","0.4",NA
"01-04-1982","-0.1",NA
"01-05-1982","-0.5",NA
"01-06-1982","0.7",NA
"01-07-1982"," 2",NA
"01-08-1982","3.2",NA
"01-09-1982","4.3",NA
"01-10-1982","4.8",NA
"01-11-1982","3.3",NA
"01-12-1982","1.2",NA
"01-01-1983","1.8",NA
"01-02-1983","0.1",NA
"01-03-1983","1.9",NA
"01-04-1983"," 3",NA
"01-05-1983","1.4",NA
"01-06-1983","1.6",NA
"01-07-1983","1.9",NA
"01-08-1983","2.7",NA
"01-09-1983","2.3",NA
"01-10-1983","2.4",NA
"01-11-1983","1.3",NA
"01-12-1983","0.6",NA
"01-01-1984","0.1",NA
"01-02-1984","-0.2",NA
"01-03-1984","2.5",NA
"01-04-1984","1.5",NA
"01-05-1984","1.2",NA
"01-06-1984","1.3",NA
"01-07-1984","0.9",NA
"01-08-1984","0.3",NA
"01-09-1984","2.9",NA
"01-10-1984","8.2",NA
"01-11-1984","1.2",NA
"01-12-1984","1.4",NA
"01-01-1985","3.1",NA
"01-02-1985"," 2",NA
"01-03-1985","2.8",NA
"01-04-1985","2.3",NA
"01-05-1985"," 2",NA
"01-06-1985","3.7",NA
"01-07-1985","1.3",NA
"01-08-1985","0.9",NA
"01-09-1985","1.2",NA
"01-10-1985","1.5",NA
"01-11-1985","1.6",NA
"01-12-1985","1.3",NA
"01-01-1986","2.7",NA
"01-02-1986","0.9",NA
"01-03-1986","1.5",NA
"01-04-1986","1.4",NA
"01-05-1986","0.7",NA
"01-06-1986","1.3",NA
"01-07-1986"," 1",NA
"01-08-1986","0.6",NA
"01-09-1986","1.5",NA
"01-10-1986","1.5",NA
"01-11-1986","1.4",NA
"01-12-1986","1.5",NA
"01-01-1987"," 2",NA
"01-02-1987","1.7",NA
"01-03-1987","1.6",NA
"01-04-1987","2.4",NA
"01-05-1987","1.5",NA
"01-06-1987","0.7",NA
"01-07-1987","1.7",NA
"01-08-1987","1.4",NA
"01-09-1987","1.9",NA
"01-10-1987","2.4",NA
"01-11-1987","1.9",NA
"01-12-1987","0.3",NA
"01-01-1988","0.7",NA
"01-02-1988","0.4",NA
"01-03-1988","1.9",NA
"01-04-1988","0.8",NA
"01-05-1988","0.5",NA
"01-06-1988","0.6",NA
"01-07-1988","0.1",NA
"01-08-1988","0.8",NA
"01-09-1988","0.9",NA
"01-10-1988","1.5",NA
"01-11-1988","1.9",NA
"01-12-1988","1.9",NA
"01-01-1989","1.1",NA
"01-02-1989","0.1",NA
"01-03-1989","1.9",NA
"01-04-1989"," 1",NA
"01-05-1989","2.0","1.5"
"01-06-1989","1.8","1.3"
"01-07-1989","1.8","1.8"
"01-08-1989","1.0","0.7"
"01-09-1989","2.1","1.6"
"01-10-1989","2.9","1.9"
"01-11-1989","1.7","1.7"
"01-12-1989","2.1","2.5"
"01-01-1990","2.5","2.8"
"01-02-1990","0.3","0.8"
"01-03-1990","2.4","3.6"
"01-04-1990","1.8","2.0"
"01-05-1990","1.5","1.7"
"01-06-1990","2.2","1.8"
"01-07-1990","1.7","1.2"
"01-08-1990","2","1"
"01-09-1990","4.9","2.8"
"01-10-1990","3.8","1.9"
"01-11-1990","0.9","1.5"
"01-12-1990","0.5","2.0"
"01-01-1991","0.4","1.3"
"01-02-1991","0.1","0.6"
"01-03-1991","1.2","2.0"
"01-04-1991","1.8","2.0"
"01-05-1991","2.5","2.3"
"01-06-1991","1.8","1.4"
"01-07-1991","1.8","1.1"
"01-08-1991","1.2","1.1"
"01-09-1991","1.3","0.9"
"01-10-1991","2.9","1.9"
"01-11-1991","0.9","0.8"
"01-12-1991","1.2","1.5"
"01-01-1992","1.1","1.4"
"01-02-1992","-0.6"," 0.8"
"01-03-1992","0.7","1.8"
"01-04-1992","1.3","1.7"
"01-05-1992","1.1","1.2"
"01-06-1992","0.7","0.7"
"01-07-1992","1.1","0.7"
"01-08-1992","1.4","0.9"
"01-09-1992","2.3","1.6"
"01-10-1992","1.4","0.8"
"01-11-1992","1.4","1.1"
"01-12-1992","0.1","0.9"
"01-01-1993","0.2","1.4"
"01-02-1993","0.4","1.4"
"01-03-1993","0.6","1.5"
"01-04-1993","1.4","1.8"
"01-05-1993","1.5","1.1"
"01-06-1993","0.5","0.7"
"01-07-1993","1.0","0.7"
"01-08-1993","2.1","1.1"
"01-09-1993","1.2","0.8"
"01-10-1993","2.6","1.3"
"01-11-1993","0.1","0.6"
"01-12-1993","0.2","1.5"
"01-01-1994","1.0","1.2"
"01-02-1994","0.3","1.2"
"01-03-1994","1.1","1.6"
"01-04-1994","0.5","1.0"
"01-05-1994","1.4","1.2"
"01-06-1994","0.5","0.5"
"01-07-1994","0.6","0.3"
"01-08-1994","1.1","0.4"
"01-09-1994","0.5","0.6"
"01-10-1994","0.6","0.8"
"01-11-1994","0.6","0.3"
"01-12-1994","0.3","0.9"
"01-01-1995","0.6","0.7"
"01-02-1995","0.5","0.7"
"01-03-1995","0.6","0.9"
"01-04-1995","0.6","0.7"
"01-05-1995","0.6","0.6"
"01-06-1995","0.7","0.4"
"01-07-1995","0.8","0.2"
"01-08-1995","1.6","0.9"
"01-09-1995","0.6","0.5"
"01-10-1995","0.8","0.5"
"01-11-1995","0.1","0.5"
"01-12-1995","0.3","0.6"
"01-01-1996","0.3","0.7"
"01-02-1996","0.5","1.0"
"01-03-1996","0.7","0.8"
"01-04-1996","1.0","0.6"
"01-05-1996","0.8","0.5"
"01-06-1996","0.4","0.4"
"01-07-1996","0.3","0.4"
"01-08-1996","0.4","0.4"
"01-09-1996","0.5","0.4"
"01-10-1996","0.7","0.6"
"01-11-1996","0.4","0.4"
"01-12-1996","0.4","0.7"
"01-01-1997","0.5","0.2"
"01-02-1997","0.8","0.5"
"01-03-1997","0.3","0.9"
"01-04-1997","0.3","0.3"
"01-05-1997","0.2","0.3"
"01-06-1997","0.2","0.4"
"01-07-1997","0.6","0.4"
"01-08-1997","0.4","0.2"
"01-09-1997","0.9","0.3"
"01-10-1997","1.2","0.3"
"01-11-1997","0.1","0.2"
"01-12-1997","0.1","0.9"
"01-01-1998","0.7","0.7"
"01-02-1998","-0.1"," 0.6"
"01-03-1998","0.4","1.0"
"01-04-1998","0.4","1.2"
"01-05-1998","0.2","0.7"
"01-06-1998","0.3","0.4"
"01-07-1998","0.4","0.4"
"01-08-1998","0.3","0.2"
"01-09-1998","0.5","0.3"
"01-10-1998","0.8","0.6"
"01-11-1998","0.1","0.4"
"01-12-1998","0.5","1.0"
"01-01-1999","-0.3"," 0.1"
"01-02-1999","0.1","0.3"
"01-03-1999","0.6","0.8"
"01-04-1999","0.4","0.3"
"01-05-1999","0.1","0.1"
"01-06-1999","0.1","0.2"
"01-07-1999"," 0.1","-0.1"
"01-08-1999"," 0.2","-0.1"
"01-09-1999","0.2","0.1"
"01-10-1999","0.4","0.1"
"01-11-1999","0.2","0.1"
"01-12-1999","0.3","0.2"
"01-01-2000","0.2","0.0"
"01-02-2000","0.6","1.0"
"01-03-2000","0.7","1.0"
"01-04-2000","0.5","0.2"
"01-05-2000","0.2","0.0"
"01-06-2000","0.2","0.3"
"01-07-2000"," 0.1","-0.1"
"01-08-2000","0.3","0.2"
"01-09-2000","0.6","0.5"
"01-10-2000","0.6","0.2"
"01-11-2000","0.3","0.3"
"01-12-2000","0.1","0.4"
"01-01-2001","0.3","0.2"
"01-02-2001","-0.3"," 0.1"
"01-03-2001","0.5","0.7"
"01-04-2001","0.5","0.1"
"01-05-2001","0.4","0.2"
"01-06-2001","0.1","0.2"
"01-07-2001","-0.2"," 0.3"
"01-08-2001","0.8","0.2"
"01-09-2001","0.7","0.4"
"01-10-2001","0.1","0.6"
"01-11-2001","0.0","0.1"
"01-12-2001","-0.3"," 0.0"
"01-01-2002","-0.1"," 0.1"
"01-02-2002","0.0","0.4"
"01-03-2002","0.5","0.6"
"01-04-2002","0.4","0.0"
"01-05-2002","0.1","0.2"
"01-06-2002","-0.1"," 0.0"
"01-07-2002","0.4","0.0"
"01-08-2002","0.4","0.3"
"01-09-2002","0.8","0.3"
"01-10-2002","0.9","0.3"
"01-11-2002","-0.1","-0.2"
"01-12-2002","-0.4","-0.1"
"01-01-2003"," 0.1","-0.2"
"01-02-2003","0.8","0.5"
"01-03-2003","1.2","1.0"
"01-04-2003","-0.1"," 0.6"
"01-05-2003","-0.4","-0.3"
"01-06-2003"," 0.0","-0.4"
"01-07-2003","-0.1","-0.2"
"01-08-2003"," 0.2","-0.1"
"01-09-2003","0.2","0.6"
"01-10-2003","-0.2"," 0.4"
"01-11-2003","-0.3","-0.3"
"01-12-2003","-0.3","-0.1"
"01-01-2004","-0.2","-0.1"
"01-02-2004"," 0.0","-0.1"
"01-03-2004","0.4","0.5"
"01-04-2004","0.4","0.3"
"01-05-2004","0.5","0.2"
"01-06-2004","0.4","0.3"
"01-07-2004","0.2","0.3"
"01-08-2004"," 0.4","-0.1"
"01-09-2004","0.1","0.2"
"01-10-2004","0.3","0.1"
"01-11-2004","0.3","0.2"
"01-12-2004","-0.4"," 0.3"
"01-01-2005","-0.3","-0.2"
"01-02-2005","-0.1","-0.1"
"01-03-2005","0.6","0.5"
"01-04-2005","0.9","0.3"
"01-05-2005","0.3","0.5"
"01-06-2005","0.4","0.2"
"01-07-2005","0.6","0.2"
"01-08-2005","0.3","0.1"
"01-09-2005","1.0","0.4"
"01-10-2005","0.5","0.2"
"01-11-2005","-0.2"," 0.2"
"01-12-2005","-0.3"," 0.2"
"01-01-2006","0.1","0.0"
"01-02-2006","-0.1"," 0.2"
"01-03-2006","0.6","0.7"
"01-04-2006","0.6","0.4"
"01-05-2006","0.2","0.1"
"01-06-2006","0.6","0.3"
"01-07-2006","0.5","0.6"
"01-08-2006","0.3","0.0"
"01-09-2006","0.0","0.2"
"01-10-2006","-0.3"," 0.1"
"01-11-2006","-0.2","-0.2"
"01-12-2006","0.1","0.3"
"01-01-2007","0.3","0.4"
"01-02-2007","-0.2","-0.4"
"01-03-2007","0.4","0.1"
"01-04-2007","0.6","0.3"
"01-05-2007","0.6","0.2"
"01-06-2007","0.9","0.1"
"01-07-2007","1.1","0.5"
"01-08-2007","1.1","0.3"
"01-09-2007","1.1","0.7"
"01-10-2007"," 0.3","-0.1"
"01-11-2007","0.8","0.3"
"01-12-2007","0.5","0.7"
"01-01-2008","0.0","0.3"
"01-02-2008","0.4","0.0"
"01-03-2008","0.8","0.7"
"01-04-2008","0.4","0.2"
"01-05-2008","1.2","0.8"
"01-06-2008","1.5","0.5"
"01-07-2008","1.1","0.9"
"01-08-2008","0.9","0.5"
"01-09-2008","1.1","0.7"
"01-10-2008","0.9","0.6"
"01-11-2008","-0.1"," 0.8"
"01-12-2008","-1.2"," 0.3"
"01-01-2009","-0.8","-0.3"
"01-02-2009","-0.4","-0.5"
"01-03-2009","0.4","0.8"
"01-04-2009","-0.2","-0.2"
"01-05-2009","-0.3","-0.5"
"01-06-2009"," 0.3","-0.2"
"01-07-2009","-0.4","-0.5"
"01-08-2009","-0.4","-0.1"
"01-09-2009","1.0","0.2"
"01-10-2009"," 0.0","-0.1"
"01-11-2009","-0.5","-0.3"
"01-12-2009","-0.3","-0.1"
"01-01-2010","0.5","0.8"
"01-02-2010","0.3","0.2"
"01-03-2010"," 0.1","-0.1"
"01-04-2010","0.5","0.2"
"01-05-2010","0.4","0.1"
"01-06-2010","0.0","0.2"
"01-07-2010","0.6","0.6"
"01-08-2010","-0.1","-0.7"
"01-09-2010","0.4","0.3"
"01-10-2010"," 0.1","-0.2"
"01-11-2010"," 0.1","-0.2"
"01-12-2010","0.1","0.1"
"01-01-2011","0.3","0.1"
"01-02-2011","0.2","0.3"
"01-03-2011","0.8","0.4"
"01-04-2011","0.3","0.0"
"01-05-2011","0.4","0.1"
"01-06-2011"," 0.2","-0.1"
"01-07-2011","0.1","0.1"
"01-08-2011","0.2","0.1"
"01-09-2011","0.5","0.4"
"01-10-2011","0.5","0.1"
"01-11-2011","0.3","0.1"
"01-12-2011","0.6","0.6"
"01-01-2012","0.1","0.4"
"01-02-2012","0.4","0.5"
"01-03-2012"," 0.2","-0.1"
"01-04-2012","0.1","0.2"
"01-05-2012","0","0"
"01-06-2012","-0.3"," 0.1"
"01-07-2012","0.0","0.1"
"01-08-2012"," 0.2","-0.4"
"01-09-2012","0.8","0.5"
"01-10-2012","0.6","0.0"
"01-11-2012","-0.5"," 0.0"
"01-12-2012","0.0","0.3"
"01-01-2013","0.2","0.0"
"01-02-2013","0.1","0.1"
"01-03-2013","0.4","0.3"
"01-04-2013","-0.5","-0.1"
"01-05-2013","0.0","0.1"
"01-06-2013","0.6","0.0"
"01-07-2013","0.3","0.2"
"01-08-2013"," 0.2","-0.1"
"01-09-2013","0.5","0.7"
"01-10-2013","0.1","0.1"
"01-11-2013","0.4","0.3"
"01-12-2013","0.6","0.6"
"01-01-2014","0.2","0.3"
"01-02-2014","0.5","0.3"
"01-03-2014","0.8","0.8"
"01-04-2014","0.6","0.8"
"01-05-2014","0.3","0.2"
"01-06-2014","0.1","0.0"
"01-07-2014","0.2","0.0"
"01-08-2014","0.3","0.4"
"01-09-2014","0.8","0.5"
"01-10-2014","1.0","0.5"
"01-11-2014","0.0","0.3"
"01-12-2014","-0.4"," 0.3"
"01-01-2015","0.1","0.7"
"01-02-2015","0.4","0.3"
"01-03-2015","0.6","0.7"
"01-04-2015","0.6","0.4"
"01-05-2015","0.2","0.1"
"01-06-2015","0.5","0.4"
"01-07-2015","0.4","0.1"
"01-08-2015","0.7","0.4"
"01-09-2015","0.5","0.5"
"01-10-2015","0.4","0.4"
"01-11-2015","0.0","0.2"
"01-12-2015","0.0","0.3"
"01-01-2016","0.5","0.9"
"01-02-2016","0.3","0.4"
"01-03-2016","0.4","0.5"
"01-04-2016","0.3","0.3"
"01-05-2016"," 0.2","-0.1"
"01-06-2016","0.4","0.3"
"01-07-2016","0.2","0.1"
"01-08-2016","0.0","0.1"
"01-09-2016","0.2","0.0"
"01-10-2016","0.2","0.2"
"01-11-2016","0.1","0.0"
"01-12-2016","-0.2"," 0.1"
"01-01-2017","0.5","0.5"
"01-02-2017","0.2","0.2"
"01-03-2017","0.4","0.4"
"01-04-2017","0.2","0.2"
"01-05-2017","0.1","0.3"
"01-06-2017","-0.4","-0.4"
"01-07-2017","0.2","0.3"
"01-08-2017"," 0.2","-0.1"
"01-09-2017","-0.2"," 0.0"
"01-10-2017","0.6","0.3"
"01-11-2017"," 0.1","-0.1"
"01-12-2017","0.1","0.2"
"01-01-2018","0.5","0.3"
"01-02-2018","0.1","0.2"
"01-03-2018","0.2","0.3"
"01-04-2018","0.3","0.2"
"01-05-2018","0.3","0.2"
"01-06-2018"," 0.1","-0.1"
"01-07-2018","0.3","0.2"
"01-08-2018"," 0.1","-0.1"
"01-09-2018","0.2","0.1"
"01-10-2018","0.4","0.4"
"01-11-2018","-0.1","-0.1"
"01-12-2018","-0.2"," 0.1"
"01-01-2019","0.1","0.4"
"01-02-2019","0.0","0.3"
"01-03-2019","0.5","0.4"
"01-04-2019","0.3","0.1"
"01-05-2019","0.6","0.4"
"01-06-2019","0","0"
"01-07-2019","0.2","0.3"
"01-08-2019","0.2","0.1"
"01-09-2019","0.0","0.1"
"01-10-2019","0.8","0.6"
"01-11-2019"," 0.1","-0.2"
"01-12-2019","0.1","0.1"
"01-01-2020","0.6","0.4"
"01-02-2020","0.4","0.4"
"01-03-2020","0.3","0.3"
"01-04-2020"," 0.0","-0.1"
"01-05-2020","-0.1"," 0.1"
"01-06-2020","-0.1","-0.1"
"01-07-2020","0.1","0.1"
